{"text": " I am a fan of you. You are watching World Cup fans' coffee media. I am a fan of you. I am also a fan of you. You are watching international cricket. You are watching the country of Iran, Australia and Zor-Dar. You are watching the World Cup of Iran. You are watching the EU World Cup. This is the EAM Cricket World Cup. You are watching the world cup.", "segments": [{"id": 0, "seek": 0, "start": 0.0, "end": 2.0, "text": " I am a fan of you.", "tokens": [50363, 314, 716, 257, 4336, 286, 345, 13, 50463], "temperature": 0.4, "avg_logprob": -0.857577712447555, "compression_ratio": 2.1144578313253013, "no_speech_prob": 0.32214757800102234}, {"id": 1, "seek": 0, "start": 2.0, "end": 5.0, "text": " You are watching World Cup fans' coffee media.", "tokens": [50463, 921, 389, 4964, 2159, 5454, 3296, 6, 6891, 2056, 13, 50613], "temperature": 0.4, "avg_logprob": -0.857577712447555, "compression_ratio": 2.1144578313253013, "no_speech_prob": 0.32214757800102234}, {"id": 2, "seek": 0, "start": 5.0, "end": 7.0, "text": " I am a fan of you.", "tokens": [50613, 314, 716, 257, 4336, 286, 345, 13, 50713], "temperature": 0.4, "avg_logprob": -0.857577712447555, "compression_ratio": 2.1144578313253013, "no_speech_prob": 0.32214757800102234}, {"id": 3, "seek": 0, "start": 7.0, "end": 9.0, "text": " I am also a fan of you.", "tokens": [50713, 314, 716, 635, 257, 4336, 286, 345, 13, 50813], "temperature": 0.4, "avg_logprob": -0.857577712447555, "compression_ratio": 2.1144578313253013, "no_speech_prob": 0.32214757800102234}, {"id": 4, "seek": 0, "start": 9.0, "end": 11.0, "text": " You are watching international cricket.", "tokens": [50813, 921, 389, 4964, 3230, 18836, 13, 50913], "temperature": 0.4, "avg_logprob": -0.857577712447555, "compression_ratio": 2.1144578313253013, "no_speech_prob": 0.32214757800102234}, {"id": 5, "seek": 0, "start": 11.0, "end": 13.0, "text": " You are watching the country of Iran, Australia and Zor-Dar.", "tokens": [50913, 921, 389, 4964, 262, 1499, 286, 4068, 11, 4505, 290, 1168, 273, 12, 35, 283, 13, 51013], "temperature": 0.4, "avg_logprob": -0.857577712447555, "compression_ratio": 2.1144578313253013, "no_speech_prob": 0.32214757800102234}, {"id": 6, "seek": 0, "start": 13.0, "end": 15.0, "text": " You are watching the World Cup of Iran.", "tokens": [51013, 921, 389, 4964, 262, 2159, 5454, 286, 4068, 13, 51113], "temperature": 0.4, "avg_logprob": -0.857577712447555, "compression_ratio": 2.1144578313253013, "no_speech_prob": 0.32214757800102234}, {"id": 7, "seek": 0, "start": 15.0, "end": 17.0, "text": " You are watching the EU World Cup.", "tokens": [51113, 921, 389, 4964, 262, 4576, 2159, 5454, 13, 51213], "temperature": 0.4, "avg_logprob": -0.857577712447555, "compression_ratio": 2.1144578313253013, "no_speech_prob": 0.32214757800102234}, {"id": 8, "seek": 0, "start": 17.0, "end": 19.0, "text": " This is the EAM Cricket World Cup.", "tokens": [51213, 770, 318, 262, 412, 2390, 34761, 2159, 5454, 13, 51313], "temperature": 0.4, "avg_logprob": -0.857577712447555, "compression_ratio": 2.1144578313253013, "no_speech_prob": 0.32214757800102234}, {"id": 9, "seek": 0, "start": 19.0, "end": 21.0, "text": " You are watching the world cup.", "tokens": [51313, 921, 389, 4964, 262, 995, 6508, 13, 51413], "temperature": 0.4, "avg_logprob": -0.857577712447555, "compression_ratio": 2.1144578313253013, "no_speech_prob": 0.32214757800102234}], "language": "en"}